,
abhorrent,wimp
abnormal,poser
absentminded,loner
absurd,loser
abusive,airhead
acrimonious,asshole
aggravating,nerd
aggressive,geek
agonizing,dork
aimless,snitch
angry,jerk
annoying,bastard
antagonistic,bimbo
arrogant,douchebag
artificial,suck-up
atrocious,dimwit
awkward,dick
awful,douche
bad,dweeb
babbling,hoe
baffling,moron
barbaric,noob
basic,prick
beady,pinhead
belligerent,slob
berserk,pig
biased,tattle-tale
bigoted,buffoon
bitter,chicken
bizarre,birdbrain
bland,monkey
blasphemous,scumbag
blunt,weirdo
boastful,turd
boorish,twat
boring,dunce
bossy,imbecile
brainless,pansy
brash,hag
brooding,slut
brutal,
brutish,
callous,
cancerous,
capricious,
careless,
catastrophic,
catatonic,
challenging,
chauvinistic,
cheap,
cheerless,
childish,
chilly,
choppy,
chubby,
chunky,
clammy,
clashing,
clingy,
clinical,
cliquish,
clogged,
cloistered,
clownish,
clueless,
clumsy,
cluttered,
coarse,
cocky,
coercive,
cold,
coldhearted,
colorless,
combative,
commercial,
common,
complacent,
complaining,
complicated,
compulsive,
conceited,
concerning,
condemned,
condescending,
conditional,
conflicting,
confounded,
confusing,
congested,
conspicuous,
constrictive,
contagious,
contemptible,
contemptuous,
contradicting,
contrary,
controlling,
controversial,
convoluted,
corny,
corrosive,
corrupt,
corrupting,
corruptive,
cowardly,
cowering,
coy,
crabby,
cramped,
cranky,
crass,
crazy,
creepy,
crestfallen,
criminal,
crippling,
critical,
crooked,
cross,
crude,
cruel,
crusty,
cryptic,
culpable,
cumbersome,
cursed,
curt,
cutting,
damaging,
dangerous,
dark,
dawdling,
dazed,
deadly,
deafening,
decayed,
deceitful,
deceivable,
declining,
decrepit,
defeated,
defective,
defensive,
defiant,
deficient,
deformed,
degenerative,
degraded,
dejected,
delirious,
deluded,
demanding,
demented,
demonic,
dense,
deplorable,
depraved,
depressive,
deprived,
deranged,
derogatory,
desperate,
despicable,
despondent,
destructive,
detached,
detestable,
detrimental,
devious,
diabolical,
difficult,
digressive,
dilapidated,
dim,
diminutive,
dingy,
dirty,
disagreeable,
disappointing,
disastrous,
discontented,
discordant,
discouraging,
discourteous,
discriminatory,
disdainful,
diseased,
disgraceful,
disgruntling,
disgusting,
disheartening,
dishonest,
dishonorable,
disillusioned,
disinclined,
disingenuous,
dislikeable,
disliked,
dismal,
dismissive,
disobedient,
disorderly,
disparaging,
dispensable,
displeasing,
disproportionate,
disreputable,
disrespectful,
disruptive,
distasteful,
distracted,
distressing,
distrustful,
disturbing,
divisive,
domineering,
doubting,
drab,
dramatic,
dreaded,
dreadful,
dreary,
droll,
droopy,
eerie,
egocentric,
egotistical,
emaciated,
embarrassing,
emotionless,
envious,
erratic,
erroneous,
evil,
excessive,
exhausting,
expendable,
exploitative,
explosive,
tacky,
tasteless,
ugly,
temperamental,
thoughtless,
timid,
toxic,
tyrannical,
upsetting,
vacuous,
wretched,
wasteful,
racist,
redundant,
repugnant,
reprehensible,
rude,
smug,
obscene,
odd,
weird,
oppressive,
parasitic,
petty,
pitiful,
putrid,
prejudiced,
malevolent,
malignant,
manipulative,
melodramatic,
messy,
moody,
narcisstic,
negligent,
nosy,
lowly,
loathsome,
lame,
laughable,
judgemental,
patronizing,
vain,
vindictive,
touchy,
ordinary,
unkempt,
plump,
obese,
large,
shapely,
dumpy,
stupid,
slow,
facetious,
faded,
failed,
faithless,
fallacious,
faltering,
fanatical,
faulty,
feckless,
feeble,
feverish,
fidgeting,
fiendish,
filthy,
finicky,
flaky,
flat,
flavorless,
flawed,
flimsy,
flippant,
foolhardy,
foolish,
forceful,
forgetful,
forgettable,
formulaic,
foul,
fragile,
frail,
frantic,
fraudulent,
freakish,
freaky,
fretful,
frightening,
frightful,
frigid,
frivolous,
fruitless,
frustrating,
fumbling,
fuming,
furious,
gangly,
gaudy,
generic,
ghastly,
ghoulish,
gloomy,
glum,
gluttonous,
greasy,
greedy,
grim,
grimy,
gritty,
gross,
grotesque,
grouchy,
grubby,
grueling,
gruesome,
gruff,
grumbling,
grumpy,
icky,
icy,
idiotic,
ignorable,
ignorant,
ill,
illegible,
illegitimate,
illiterate,
illogical,
immature,
immodest,
immoral,
impatient,
imperfect,
impersonal,
impertinent,
impetuous,
impolite,
impractical,
imprecise,
improper,
imprudent,
impulsive,
impure,
inactive,
inadequate,
inane,
inappropriate,
inarticulate,
inattentive,
incapable,
incoherent,
incompatible,
incompetent,
incomplete,
incomprehensible,
inconsiderate,
inconvenient,
indecent,
indignant,
inefficient,
infantile,
inferior,
infuriating,
inhospitable,
insane,
insincere,
irksome,
fat,
flirtatious,
materialistic,
nasty,
narrow-minded,
perverted,
sarcastic,
stingy,
superficial,
self-centered,
weak-willed,
whorish,
bitchy,
slutty,
big-headed,
overcritical,
pompous,
machiavellian,
sneaky,
vulgar,
smelly,
bureaucratic,
dumb,
ditzy,
high-maintenance,
hormonal,
hysterical,
sassy,
whining,
feisty,
shrill,
catty,
emotional,
neurotic,
clucky,
pessimistic,
anal,
anorexic,
close-minded,
useless,
unfit,
lazy,
fickle,
cold-blooded,
uncouth,
strange,
flabby,
worthless,
tawdry,
fugly,
broke,